edge,product,eligible_station_ids,excluded_station_ids,independent_offset_rad,downstream_all_station_offset_rad,reviewed_path_offset_rad
1,004,"380:CO:SNTL;680:CO:SNTL;1141:CO:SNTL;1326:CO:SNTL",737:CO:SNTL,-19.968188631,-19.968188631,-19.947855560
2,005,"380:CO:SNTL;680:CO:SNTL;1141:CO:SNTL;1326:CO:SNTL",737:CO:SNTL,12.930004998,12.930004998,12.624671203
3,006,"380:CO:SNTL;680:CO:SNTL;737:CO:SNTL;1141:CO:SNTL;1326:CO:SNTL",,-13.401093837,-13.401093837,-12.916696359
4,007,"380:CO:SNTL;680:CO:SNTL;1141:CO:SNTL;1326:CO:SNTL",737:CO:SNTL,-1.055900777,-1.055900777,-1.104046058
5,008,"380:CO:SNTL;680:CO:SNTL;1141:CO:SNTL;1326:CO:SNTL",737:CO:SNTL,-5.726747322,-5.726747322,-5.674285217
6,009,"380:CO:SNTL;680:CO:SNTL;737:CO:SNTL;1141:CO:SNTL;1326:CO:SNTL",,1.248400439,1.248400439,1.641475135
7,010,"380:CO:SNTL;680:CO:SNTL;737:CO:SNTL;1141:CO:SNTL;1326:CO:SNTL",,4.757866518,4.757866518,4.705399904
8,011,"380:CO:SNTL;680:CO:SNTL;737:CO:SNTL;1141:CO:SNTL;1326:CO:SNTL",,-5.889527242,-5.889527242,-5.513557822
9,012,"380:CO:SNTL;680:CO:SNTL;737:CO:SNTL;1141:CO:SNTL;1326:CO:SNTL",,-1.670449918,-1.670449918,-1.484036101
10,013,"380:CO:SNTL;680:CO:SNTL;737:CO:SNTL;1141:CO:SNTL;1326:CO:SNTL",,3.001646453,3.001646453,5.209968934
11,014,"380:CO:SNTL;680:CO:SNTL;737:CO:SNTL;1141:CO:SNTL;1326:CO:SNTL",,-1.709117130,-1.709117130,-1.435695891
12,015,"380:CO:SNTL;680:CO:SNTL;737:CO:SNTL;1141:CO:SNTL;1326:CO:SNTL",,-6.247788538,-6.247788538,-5.674923730
13,016,"380:CO:SNTL;680:CO:SNTL;737:CO:SNTL;1141:CO:SNTL;1326:CO:SNTL",,14.625663161,14.625663161,15.003715303
14,017,"380:CO:SNTL;680:CO:SNTL;737:CO:SNTL;1141:CO:SNTL;1326:CO:SNTL",,-4.710259884,-4.710259884,-3.542088901
15,018,"380:CO:SNTL;680:CO:SNTL;737:CO:SNTL;1141:CO:SNTL;1326:CO:SNTL",,-3.636146064,-3.636146064,-4.196045242
16,019,"380:CO:SNTL;680:CO:SNTL;737:CO:SNTL;1141:CO:SNTL;1326:CO:SNTL",,-1.590986450,-1.590986450,-1.852730924
17,020,"380:CO:SNTL;680:CO:SNTL;737:CO:SNTL;1141:CO:SNTL;1326:CO:SNTL",,2.944373968,2.944373968,0.391925028
18,021,"380:CO:SNTL;680:CO:SNTL;737:CO:SNTL;1141:CO:SNTL;1326:CO:SNTL",,-11.136964552,-11.136964552,-12.006861206
19,022,"380:CO:SNTL;680:CO:SNTL;737:CO:SNTL;1141:CO:SNTL;1326:CO:SNTL",,2.951858422,2.951858422,2.681057635
20,023,"380:CO:SNTL;680:CO:SNTL;737:CO:SNTL;1141:CO:SNTL;1326:CO:SNTL",,5.392698834,5.392698834,5.025943864
21,024,"380:CO:SNTL;680:CO:SNTL;737:CO:SNTL;1141:CO:SNTL;1326:CO:SNTL",,11.668516428,11.668516428,11.561639019
22,025,"380:CO:SNTL;680:CO:SNTL;737:CO:SNTL;1141:CO:SNTL;1326:CO:SNTL",,-8.730683665,-8.730683665,-8.479327999
23,026,"380:CO:SNTL;680:CO:SNTL;737:CO:SNTL;1141:CO:SNTL;1326:CO:SNTL",,3.658721972,3.658721972,3.750594275
