edge,reference_date,secondary_date,geometry_runtime_s,process_high_water_rss_mb,finite_geometry_fraction,valid_0_90_fraction,dswe_support_fraction,wavelength_m
1,20251030,20251111,10.366780,7205.000,0.999202724,0.998975288,0.415339116,0.241963242938
2,20251111,20251123,9.848686,12074.031,0.999202724,0.998975340,0.415307244,0.241963242938
3,20251123,20251205,9.598206,12709.641,0.999202724,0.998975132,0.515549703,0.241963242938
4,20251205,20251217,9.692172,12906.844,0.999202724,0.998975132,0.515654761,0.241963242938
5,20251217,20251229,9.652297,13092.813,0.999202724,0.998975340,0.515544643,0.241963242938
6,20251229,20260110,9.884156,13094.922,0.999202724,0.998975236,0.501323247,0.241963242938
7,20260110,20260122,9.503705,13146.516,0.999202724,0.998975288,0.515537392,0.241963242938
8,20260122,20260203,9.517660,13202.078,0.999202724,0.998974662,0.515563578,0.241963242938
9,20260203,20260215,9.580020,13219.625,0.999202724,0.998975080,0.515647719,0.241963242938
10,20260215,20260227,9.580741,13234.703,0.999202724,0.998975132,0.515565091,0.241963242938
11,20260227,20260311,9.659377,13320.047,0.999202724,0.998975184,0.515542295,0.241963242938
12,20260311,20260323,9.600838,13330.453,0.999202724,0.998975445,0.501214954,0.241963242938
13,20260323,20260404,9.547373,13331.766,0.999202724,0.998975236,0.515541409,0.241963242938
14,20260404,20260416,9.627095,13331.766,0.999202724,0.998975601,0.515564361,0.241963242938
15,20260416,20260428,9.486460,13332.891,0.999202724,0.998975132,0.515544799,0.241963242938
16,20260428,20260510,9.609735,13386.922,0.999202724,0.998975184,0.515526020,0.241963242938
17,20260510,20260522,9.556361,13477.875,0.999202724,0.998975393,0.515536036,0.241963242938
18,20260522,20260603,9.714498,13477.875,0.999202724,0.998975340,0.515539531,0.241963242938
19,20260603,20260615,9.609589,13477.875,0.999202724,0.998975080,0.515535879,0.241963242938
20,20260615,20260627,9.599851,13477.875,0.999202724,0.998975080,0.501206921,0.241963242938
21,20260627,20260709,9.740766,13477.875,0.999202724,0.998975080,0.515537236,0.241963242938
22,20260709,20260721,9.740833,13477.875,0.999202724,0.998975340,0.515536975,0.241963242938
23,20260721,20260814,9.586360,13477.875,0.999202724,0.998975288,0.501212763,0.241963242938
